Code Number,Glavlit Directory Number
PP 001,
PP 002,
PP 003,A-18135
PP 004,
PP 005,
PP 006,
PP 007,
PP 008,
PP 009,
PP 010,
PP 011,
PP 012,
PP 013,
PP 014,
PP 015,
PP 016,17[illegbile]038 [listed as Department #6 of GLAVLIT]
PP 017,
PP 018,
PP 019,
PP 020,
PP 021,
PP 022,
PP 023,
PP 024,
PP 025,
PP 026,
PP 027,
PP 028,
PP 029,A-844462
PP 030,
PP 031,
PP 032,A-8371
PP 033,
PP 034,
PP 035,"Number is illegbile, listed as Department #6 of GLAVLIT"
PP 036,
PP 037,
PP 038,
PP 039,B-23470
PP 040,
PP 041,
PP 042,
PP 043,
PP 044,
PP 045,
PP 046,
PP 047,
PP 048,
PP 049,
PP 050,
PP 051,
PP 052,
PP 053,
PP 054,
PP 055,
PP 056,
PP 057,
PP 058,
PP 059,B-21580
PP 060,467 [UzLIT number of the Tashkent office of GLAVLIT]
PP 061,A-12176
PP 062,
PP 063,
PP 064,B-36481
PP 065,
PP 066,
PP 067,
PP 068,
PP 069,
PP 070,
PP 071,
PP 072,
PP 073,
PP 074,
PP 075,A-16437
PP 076,
PP 077,
PP 078,
PP 079,
PP 080,
PP 081,
PP 082,
PP 083,
PP 084,
PP 085,
PP 086,
PP 087,
PP 088,
PP 089,B-25257
PP 090,B-18814
PP 091,
PP 092,
PP 093,
PP 094,
PP 095,
PP 096,7410 [UzLIT number of the Tashkent office of GLAVLIT]
PP 097,
PP 098,
PP 099,
PP 100,
PP 101,
PP 102,
PP 103,
PP 104,
PP 105,
PP 106,
PP 107,
PP 108,
PP 109,
PP 110,
PP 111,
PP 112,
PP 113,B-656
PP 114,
PP 115,
PP 116,
PP 117,
PP 118,
PP 119,
PP 120,
PP 121,
PP 122,
PP 123,
PP 124,
PP 125,
PP 126,
PP 127,
PP 128,
PP 129,
PP 130,38.258
PP 131,
PP 132,
PP 133,
PP 134,
PP 135,
PP 136,
PP 137,
PP 138,A-46548
PP 139,
PP 140,B-6904 R 30
PP 141,5563 [GUBLIT number of the Moscow office of GLAVLIT]
PP 142,B-21478 I. 31
PP 143,
PP 144,
PP 145,
PP 146,
PP 147,
PP 148,
PP 149,
PP 150,
PP 151,
PP 152,
PP 153,
PP 154,
PP 155,
PP 156,
PP 157,
PP 158,B-27170
PP 159,B-27204
PP 160,
PP 161,
PP 162,
PP 163,
PP 164,
PP 165,
PP 166,
PP 167,
PP 168,
PP 169,
PP 170,
PP 171,
PP 172,
PP 173,
PP 174,
PP 175,
PP 176,B-21501
PP 177,
PP 178,
PP 179,
PP 180,
PP 181 ,
PP 182,
PP 183,
PP 184,
PP 185,
PP 186,
PP 187,
PP 188,
PP 189,
PP 190,
PP 191,
PP 192,
PP 193,2044
PP 194,
PP 195,
PP 196,
PP 197,B-2123 R. 36
PP 198,
PP 199,
PP 200,
PP 201,
PP 202,
PP 203,A-12198
PP 204,
PP 205,
PP 206,
PP 207,
PP 208,
PP 209,
PP 210,
PP 211,
PP 212,
PP 213,
PP 214,
PP 215,
PP 216,
PP 217,
PP 218,
PP 219,
PP 220,
PP 221,
PP 222,
PP 223,
PP 224,B-58233
PP 225,
PP 226,
PP 227,
PP 228,
PP 229,
PP 230,
PP 231,801
PP 232,A-20178
PP 233,58218
PP 234,
PP 235,13969
PP 236,
PP 237,
PP 238,
PP 239,
PP 240,
PP 241,
PP 242,
PP 243,
PP 244,
PP 245,
PP 246,
PP 247,
PP 248,
PP 249,
PP 250,
PP 251,
PP 252,
PP 253,
PP 254,
PP 255,
PP 256,
PP 257,
PP 258,
PP 259,
PP 260,
PP 261,A-21512
PP 262,
PP 263,B-20015
PP 264,
PP 265,
PP 266,
PP 267,B-17445
PP 268,
PP 269,
PP 270,
PP 271,
PP 272,
PP 273,
PP 274,
PP 275,
PP 276,
PP 277,A-17763
PP 278,
PP 279,
PP 280,
PP 281,
PP 282,
PP 283,
PP 284,
PP 285,
PP 286,
PP 287,
PP 288,A-59981 P. 30
PP 289,
PP 290,
PP 291,
PP 292,
PP 293,B-37767
PP 294,
PP 295,
PP 296,
PP 297,
PP 298,
PP 299,
PP 300,
PP 301,
PP 302,
PP 303,
PP 304,
PP 305,
PP 306,
PP 307,
PP 308,
PP 309,443711
PP 310,
PP 311,
PP 312,
PP 313,
PP 314,
PP 315,
PP 316,
PP 317,
PP 318,6785
PP 319,
PP 320,
PP 321,
PP 322,
PP 323,
PP 324,A-81016
PP 325,
PP 326,
PP 327,B-7095
PP 328,
PP 329,
PP 330,
PP 331,
PP 332,B-7290
PP 333,B-13108
PP 334,
PP 335,
PP 336,
PP 337,B-2109
PP 338,15894 [GUBLIT number of the Moscow office of GLAVLIT]
PP 339,14368 [MOSGUBLIT number of the Moscow office of GLAVLIT]
PP 340,B-5467
PP 341,
PP 342,
PP 343,
PP 344,
PP 345,A-14002
PP 346,
PP 347,
PP 348,
PP 349,
PP 350,
PP 351,2776
PP 352,
PP 353,
PP 354,A-46216
PP 355,15534 [GUBLIT number of the Moscow office of GLAVLIT]
PP 356,A-59610
PP 357,
PP 358,
PP 359,
PP 360,
PP 361,
PP 362,
PP 363,
PP 364,
PP 365,
PP 366,
PP 367,
PP 368,
PP 369,
PP 370,
PP 371,
PP 372,
PP 373,G-2864
PP 374,
PP 375,
PP 376,
PP 377,
PP 378,7701 (1916..illegible)
PP 379,
PP 380,
PP 381,
PP 382,
PP 383,
PP 384,
PP 385,
PP 386,
PP 387,
PP 388,
PP 389,215 [UzLIT number of the Tashkent office of GLAVLIT]
PP 390,
PP 391,
PP 392,
PP 393,
PP 394,
PP 395,
PP 396,B-31754
PP 397,
PP 398,
PP 399,B-36488
PP 400,
PP 401,
PP 402,
PP 403,
PP 404,
PP 405,
PP 406,
PP 407,
PP 408,
PP 409,
PP 410,
PP 411,B-33136
PP 412,
PP 413,
PP 414,
PP 415,
PP 416,
PP 417,
PP 418,
PP 419,
PP 420,
PP 421,
PP 422,
PP 423,
PP 424,212 [GUBLIT number of the Moscow office of GLAVLIT]
PP 425,
PP 426,
PP 427,
PP 428,428 [GUBLIT number of the Moscow office of GLAVLIT]
PP 429,
PP 430,
PP 431,19358
PP 432,
PP 433,A-84190
PP 434,
PP 435,
PP 436,
PP 437,
PP 438,
PP 439,
PP 440,
PP 441,
PP 442,
PP 443,
PP 444,
PP 445,
PP 446,
PP 447,
PP 448,
PP 449,
PP 450,
PP 451,
PP 452,
PP 453,B-27169
PP 454,B-20325
PP 455,B-28928
PP 456,
PP 457,B-43887
PP 458,1688
PP 459,B-8508
PP 460,
PP 461,
PP 462,
PP 463,B-17430
PP 464,B-47479
PP 465,
PP 466,
PP 467,
PP 468,
PP 469,
PP 470,
PP 471,
PP 472,
PP 473,
PP 474,
PP 475,
PP 476,B-35923
PP 477,
PP 478,
PP 479,
PP 480,
PP 481,
PP 482,
PP 483,
PP 484,
PP 485,
PP 486,
PP 487,
PP 488,
PP 489,
PP 490,
PP 491,
PP 492,
PP 493,
PP 494,
PP 495,
PP 496,
PP 497,
PP 498,
PP 499,
PP 500,
PP 501,
PP 502,
PP 503,
PP 504,
PP 505,
PP 506,
PP 507,
PP 508,
PP 509,
PP 510,
PP 511,
PP 512,
PP 513,
PP 514,
PP 515,
PP 516,
PP 517,
PP 518,
PP 519,
PP 520,
PP 521,
PP 522,
PP 523,
PP 524,
PP 525,
PP 526,
PP 527,
PP 528,
PP 529,
PP 530,
PP 531,
PP 532,
PP 533,
PP 534,
PP 535,
PP 536,
PP 537,
PP 538,
PP 539,
PP 540,
PP 541,G-2863
PP 542,B-50516
PP 543,B-18206
PP 544,
PP 545,
PP 546,
PP 547,
PP 548,
PP 549,
PP 550,
PP 551,
PP 552,
PP 553,
PP 554,
PP 555,
PP 556,
PP 557,
PP 558,
PP 559,
PP 560,
PP 561,
PP 562,
PP 563,
PP 564,
PP 565,
PP 566,
PP 567,
PP 568,
PP 569,
PP 570,
PP 571,
PP 572,
PP 573,A-13955
PP 574,
PP 575,
PP 576,
PP 577,
PP 578,
PP 579,
PP 580,
PP 581,
PP 582,
PP 583,A-29130
PP 584,
PP 585,
PP 586,
PP 587,
PP 588,31657 [MOSGUBLIT number of the Moscow office of GLAVLIT]
PP 589,B–10881
PP 590,
PP 591,
PP 592,
PP 593,
PP 594,
PP 595,A-38834
PP 596,45278 [MOSGUBLIT number of the Moscow office of GLAVLIT]
PP 597,29906
PP 598,47598 [GUBLIT number of the Leningrad office of GLAVLIT]
PP 599,A-5704
PP 600,
PP 601,
PP 602,
PP 603,
PP 604,1261
PP 605,A-18909
PP 606,
PP 607,
PP 608 ,
PP 609,A-52239
PP 610,
PP 611,
PP 612,A-22563
PP 613,
PP 614,
PP 615,
PP 616 ,
PP 617,
PP 618,
PP 619,
PP 620,
PP 621,
PP 622,
PP 623,93609
PP 624,
PP 625,
PP 626,
PP 627,
PP 628,
PP 629,
PP 630,5849
PP 631,
PP 632,
PP 633,A-86724
PP 634,
PP 635,38166 [LENGUBLIT number of the Leningrad office of GLAVLIT]
PP 636,
PP 637,
PP 638,
PP 639,A-59231
PP 640,
PP 641,
PP 642,
PP 643,
PP 644,B-34 P 36
PP 645,
PP 646,47613 [LENGUBLIT number of the Leningrad office of GLAVLIT]
PP 647,
PP 648 ,
PP 649,
PP 650,
PP 651,
PP 652,
PP 653,B-28945
PP 654,
PP 655,64545 [LENGORLIT number of the Leningrad office of GLAVLIT]
PP 656,
PP 657,A-6251
PP 658,
PP 659,
PP 660,B-24825
PP 661,14256 [MOSGUBLIT number of the Moscow office of GLAVLIT]
PP 662,
PP 663,B-25314
PP 664,
PP 665,
PP 666 ,
PP 667,B-1464
PP 668,
PP 669,
PP 670,B-31767
PP 671,
PP 672,B-40075
PP 673,
PP 674,
PP 675,
PP 676,
PP 677,
PP 678,B-29653
PP 679,
PP 680,
PP 681,
PP 682,
PP 683,В-22072
PP 684,
PP 685,
PP 686,
PP 687,
PP 688,
PP 689,
PP 690,
PP 691,
PP 692,A-6945
PP 693,
PP 694,
PP 695,7224
PP 696,A-14017
PP 697,
PP 698,14004 [LENGUBLIT number of the Leningrad office of GLAVLIT]
PP 699,68414
PP 700,
PP 701,
PP 702,
PP 703,B-34096
PP 704,
PP 705,A-69497
PP 706,
PP 707,
PP 708,
PP 709,
PP 710,B-39933
PP 711,B-36847
PP 712,
PP 713,
PP 714,B-7133
PP 715,B-252..illegible
PP 716,
PP 717,
PP 718,15
PP 719,6586 [GUBLIT number of the Moscow office of GLAVLIT]
PP 720,
PP 721,A-17724
PP 722,
PP 723,
PP 724,
PP 725,A-41544
PP 726,A-56452
PP 727,987 [GUBLIT number of the Moscow office of GLAVLIT]
PP 728,A-66237
PP 729,
PP 730,В-69
PP 731,A-3102
PP 732,
PP 733,
PP 734,2024
PP 735,
PP 736,
PP 737,
PP 738,
PP 739,
PP 740,
PP 741,
PP 742,
PP 743,
PP 744,
PP 745,
PP 746,
PP 747,
PP 748,
PP 749,67961
PP 750,
PP 751,
PP 752,
PP 753,
PP 754,
PP 755,
PP 756,
PP 757,
PP 758,
PP 759,
PP 760,
PP 761,
PP 762,
PP 763,
PP 764,
PP 765,
PP 766,
PP 767,
PP 768,
PP 769,
PP 770,
PP 771,
PP 772,
PP 773,
PP 774,62951
PP 775,
PP 776,
PP 777,
PP 778,
PP 779,
PP 780,
PP 781,B-214
PP 782,
PP 763,
PP 764,
PP 765,
PP 766,
PP 767,
PP 768,
PP 769,
PP 770,
PP 771,
PP 772,
PP 773,
PP 774,
PP 775,
PP 776,
PP 777,
PP 778,
PP 779,
PP 780,
PP 781,
PP 782,
PP 783,1504 [MOSGUBLIT number of the Moscow office of GLAVLIT]
PP 784,
PP 785,
PP 786,
PP 788,
PP 789,
PP 790,
PP 791,
PP 792,
PP 793,
PP 794,
PP 795,
PP 796,
PP 798,
PP 799,17038 [MOSGUBLIT number of the Moscow office of GLAVLIT]
PP 800,
PP 801,1741
PP 802,
PP 803,
PP 804,
